<?xml version="1.0"?>
<StockInfo>
<stock>
        <Stock>AMZN</Stock>
      <Quantity></Quantity>
        <Price></Price>
        <GainLoss>0.4916334349831971%</GainLoss>
  </stock>

  <stock> 
        <Stock>AirNZ</Stock>
      <Quantity>1</Quantity>
        <Price>500</Price>
        <GainLoss>0.4916334349831971%</GainLoss>

   </stock>

  <stock> 
        <Stock>FB</Stock>
      <Quantity>1</Quantity>
        <Price>500</Price>
        <GainLoss>-4.635761589403966%</GainLoss>

   </stock>

  <stock> 
        <Stock>TSLA</Stock>
      <Quantity>100</Quantity>
        <Price>100</Price>
        <GainLoss>-4.0%</GainLoss>

   </stock>

  <stock> 
        <Stock>MSFT</Stock>
      <Quantity>100</Quantity>
        <Price>500</Price>
        <GainLoss>0.0%</GainLoss>

   </stock>

  <stock> 
        <Stock>TSLA</Stock>
      <Quantity>100</Quantity>
        <Price>10</Price>
        <GainLoss>0.0%</GainLoss>

   </stock>

  <stock> 
        <Stock>GME</Stock>
      <Quantity>1</Quantity>
        <Price>100</Price>
        <GainLoss>0.0%</GainLoss>

   </stock>

 </StockInfo>